instance_id,num_orders,batch_id,successful_reps,total_reps,score_min,score_mean,score_median,score_max,score_std,simulation_runtime_mean_s,wall_time_mean_s
1,50,20260727_110733,5,5,129.78,136.31199999999998,137.82,141.0,3.9918837658428896,437.6880298,438.59039999999993
2,50,20260727_110733,5,5,92.32,94.936,94.72,97.28000000000002,1.7486177398162301,426.93374320000004,427.86080000000004
3,50,20260727_110733,5,5,96.46,99.33599999999998,98.26,102.88,2.7074829639353206,407.52218619999996,408.535
4,50,20260727_110733,5,5,95.1,101.03999999999999,102.34,105.58,3.656096278819803,424.85526500000003,425.8256
5,50,20260727_110733,5,5,5445.4,5447.408,5445.78,5451.42,2.354420523186233,404.41291240000004,405.33779999999996
6,50,20260727_110733,5,5,115.4,119.44000000000001,119.94,122.36,2.293399223859641,421.83411079999996,422.78899999999993
7,50,20260727_110733,5,5,3787.76,4026.796,3986.58,4385.74,195.3325514705625,435.90482439999994,436.8102
8,50,20260727_110733,5,5,65.75999999999999,66.412,66.14000000000001,67.9,0.7592206530383652,463.31182920000003,464.1496
9,100,20260727_110733,5,5,183.42,6481.3133333333335,5782.58,12698.715555555556,4212.951932129019,559.3214716,560.167
10,100,20260727_110733,5,5,283187.7311111111,378895.0755555556,327016.64444444445,566190.8222222222,103999.53565973324,676.8133220000001,677.7846
11,100,20260727_110733,5,5,176.28,1031.3977777777777,184.2,3439.495555555556,1264.916423023501,567.4292356000001,568.3024
12,100,20260727_110733,5,5,55173.61111111111,118005.33733333333,102324.86,234244.45111111112,60821.20938231908,613.9412658000001,614.8802
13,100,20260727_110733,5,5,1047.4888888888888,9584.64088888889,4285.924444444445,22551.562222222223,8678.21900726386,537.3878158,538.3304
14,100,20260727_110733,5,5,154.88,10091.245777777778,8813.56,30249.7,11012.621484385803,560.000074,560.8754
15,100,20260727_110733,5,5,23951.995555555557,36278.47111111111,33040.04666666666,55824.03333333333,12363.101496088579,569.9149006,570.8546
16,100,20260727_110733,5,5,42001.63777777778,65653.63377777778,66188.47333333333,88923.73777777779,17651.15401168826,539.7246634,540.5968
17,300,20260727_110733,5,5,95.635,100.546,102.235,103.46,2.8562464879628284,875.478574,876.3092
18,300,20260727_110733,5,5,102.195,107.375,109.35499999999998,111.37,3.742911967973606,830.414567,831.2370000000001
19,300,20260727_110733,5,5,127.85000000000002,130.89100000000002,132.61000000000004,133.355,2.448306353379826,907.826378,908.7288000000001
20,300,20260727_110733,5,5,3322.287777777778,3424.537777777778,3357.716111111112,3557.2211111111114,108.81318377537404,814.0899694000001,814.9208000000001
21,300,20260730_035109,5,5,125.59,582.653,134.84,2383.225,900.2943189124321,853.6828062000001,854.5226
22,300,20260730_035109,5,5,1661.042222222222,2649.478888888889,3264.4172222222223,3328.8638888888886,805.7397727223515,844.464351,845.3698
23,300,20260730_035109,5,5,127.12,652.5602222222223,133.85500000000002,2738.3711111111115,1042.9087181037776,867.2763988,868.1668
24,300,20260730_035109,5,5,114.695,117.38600000000001,117.79000000000003,119.145,1.4643920240154322,828.5555482,829.4603999999999
25,500,20260730_035109,5,5,855970.3272222222,1334971.772,1295999.82,1932601.2716666667,418596.3753995989,1283.0786918000001,1283.9578
26,500,20260730_035109,5,5,2477216.9394444446,3124144.517,3151768.101111111,3762645.613333333,428007.68263950833,1243.2198364,1244.1068
27,500,20260730_035109,5,5,10153.288888888888,49006.26388888889,48330.73944444444,112508.47777777778,37620.23142053556,1227.1770216,1228.0620000000001
28,500,20260730_035109,5,5,15339.87611111111,83312.96544444445,42409.26277777778,193658.75166666665,71568.63055836744,1131.3359304,1132.2756000000002
29,500,20260730_035109,5,5,1188599.6455555556,1559574.6466666665,1609189.7566666668,1927624.3977777776,243157.63558098045,1289.5067552000003,1290.4042000000002
30,500,20260730_035109,5,5,821137.6833333333,1123010.2183333333,1146084.688888889,1631763.1555555556,290283.83761481487,1182.6292564,1183.4844
31,500,20260730_035109,5,5,892701.7066666667,1501280.4515555555,1465588.75,1858042.2027777776,350186.1400714956,1263.4958126000001,1264.4266
32,500,20260730_035109,5,5,655083.4366666666,939660.8373333333,663682.2316666666,1872877.6977777777,471979.65590517793,1261.6328878,1262.4928
33,1000,20260730_035109,5,5,8316156.453555556,8879158.895822223,8543951.477777777,9674168.593111113,549704.4380274105,1516.6193546,1517.5196
34,1000,20260730_035109,5,5,4694376.863555556,6261578.806977778,6147794.217111111,7726733.664444444,1111720.3536238684,1524.7887962,1525.6662000000001
35,1000,20260730_035109,5,5,8025936.595111111,8994692.5868,9131762.709111111,9674378.640888888,649069.6349675066,1532.199099,1533.1173999999996
36,1000,20260730_035109,5,5,9116806.857777778,10728465.796355557,10879927.004222222,12384733.17977778,1123301.0782386186,1584.6532148000001,1585.5978
37,1000,20260730_035109,5,5,8589888.047333334,9950712.826222222,10260692.988888888,10664245.051111111,778358.6836566679,1494.0708462000002,1494.9678
38,1000,20260730_035109,5,5,12706587.626666669,13725731.1224,13386751.991333334,15002747.196,906115.9799577742,1528.2506142,1529.1196
39,1000,20260730_035109,5,5,6411853.245555556,7223649.290488889,7571345.128666667,7899699.232,629179.817857956,1503.6657500000001,1504.4936000000002
40,1000,20260730_035109,5,5,7818217.761555556,8848748.567155555,8350925.779111111,10614983.579333331,1043042.9216231158,1509.545386,1510.3938
41,2000,20260730_130436,5,5,547673983.5675555,578427999.1983556,562531481.174,611206387.9455556,26348401.653360598,3405.9466726,3407.3167999999996
42,2000,20260730_130436,5,5,475201760.396,500250002.01831114,501443121.8744444,537263629.7202222,22442582.416447874,3124.9667044000003,3126.2745999999997
43,2000,20260730_130436,4,5,508805425.6495556,539403161.8093889,541543693.506,565719834.576,21442104.315026943,3223.3846372499997,3224.76225
44,2000,20260730_130436,5,5,497562359.6862222,522769729.7331111,518295466.1766667,556738944.6615555,19726368.346103314,3161.1700588,3162.5487999999996
45,2000,20260730_130436,5,5,553451223.0737778,571526976.8200445,571375590.9244444,596173639.6697778,14011370.700094491,3400.0926858,3401.4868
46,2000,20260730_130436,5,5,558908411.6831112,575052170.6284444,571452479.8117778,608022808.2815555,17313446.576468296,3328.8439266,3330.2036
47,2000,20260730_130436,5,5,479538580.5488889,507592085.3654667,506199984.2251111,547979245.0746666,23774965.35190221,3152.6039324,3153.895
48,2000,20260730_130436,5,5,531834659.924,565883895.0160444,579288283.8564444,602188645.9893334,27160201.411235303,3388.705519,3390.0488000000005
49,3000,20260730_130436,5,5,1398663884.009,1480200684.3012223,1487408202.4632225,1564317823.5914445,60118350.717442095,4978.2162616000005,4980.2986
50,3000,20260730_130436,5,5,1500507057.329,1545140625.8431334,1542968569.5038888,1607578344.312333,40645826.04574616,5164.929266,5167.3558
51,3000,20260730_130436,5,5,1364958655.9011111,1423355961.4126225,1388926325.8033333,1552686354.2523332,69200207.31402974,4849.6180196000005,4851.890799999999
52,3000,20260730_130436,5,5,1553368293.6815555,1656620434.9041553,1688017592.466,1715433781.7424445,63537947.532598674,5343.9760558,5346.076800000001
53,3000,20260730_130436,5,5,1470246057.3408887,1545773134.7913556,1540865585.0536668,1627317993.259,65211254.133797586,4974.1098444,4976.2764
54,3000,20260730_130436,5,5,1404299644.727,1505379587.6682668,1540811038.2306666,1573476800.8647776,64885609.14417022,4885.196170600001,4887.2554
55,3000,20260730_130436,5,5,1299995410.314,1392963941.6271112,1414103304.6856668,1512561753.8646667,77054657.06372939,4690.3876044,4692.3648
56,3000,20260730_130436,5,5,1513355331.2784443,1633465826.3734224,1656211555.9968889,1733348582.6296668,75058533.94713484,5242.1006946,5244.210000000001
57,4000,20260730_130436,5,5,3147659309.9784446,3380872710.7728667,3433992278.274889,3503430686.4822226,124347321.68873592,7743.837424599999,7746.9228
58,4000,20260730_130436,5,5,2668259670.690778,3004127551.2419996,3030544873.056777,3270300423.786777,231734240.15202728,7000.870790600001,7003.5892
59,4000,20260730_130436,5,5,3166268525.5326667,3498666625.829423,3431565310.8282223,3834137417.545,283123187.4971832,7857.713301599999,7860.4346000000005
60,4000,20260730_130436,5,5,2847437449.000222,3024670162.0131774,3066620744.554445,3141147367.4704447,105658708.05570234,6678.064388399999,6680.382
61,4000,20260730_205247,5,5,2842708863.6992226,3133552190.7448225,3101773729.5031114,3482542235.3986664,220219539.11580497,7289.390987000001,7292.618
62,4000,20260730_205247,5,5,2751208198.668889,3060247701.214311,2972698142.881778,3605854016.863,304770248.62521553,7226.147800000001,7229.0996
63,4000,20260730_205247,5,5,3704900473.2204447,4025238703.3562446,4083347797.476223,4216686426.2942224,171607265.5853992,8108.0067148,8110.7012
64,4000,20260730_205247,5,5,3355679351.6723337,3488921147.2691107,3454142655.2614446,3707396661.0206666,130396096.48465432,7472.9875564,7475.9576
TONG,,4 batches,319,320,65.75999999999999,676131566.6987215,3762645.613333333,4216686426.2942224,1130673182.720991,2539.0477051003136,2532.46365
