instance_id,order_count,benchmark_group,reference_batch_id,reference_seed,reference_score,reference_wall_time_seconds,reference_simulation_runtime_seconds,reference_algorithm_time_seconds,reference_algorithm_dispatch_count,repetition_1_batch_id,repetition_1_seed,repetition_1_score,repetition_1_wall_time_seconds,repetition_1_simulation_runtime_seconds,repetition_1_algorithm_time_seconds,repetition_1_algorithm_dispatch_count,repetition_2_batch_id,repetition_2_seed,repetition_2_score,repetition_2_wall_time_seconds,repetition_2_simulation_runtime_seconds,repetition_2_algorithm_time_seconds,repetition_2_algorithm_dispatch_count,repetition_3_batch_id,repetition_3_seed,repetition_3_score,repetition_3_wall_time_seconds,repetition_3_simulation_runtime_seconds,repetition_3_algorithm_time_seconds,repetition_3_algorithm_dispatch_count,repetition_4_batch_id,repetition_4_seed,repetition_4_score,repetition_4_wall_time_seconds,repetition_4_simulation_runtime_seconds,repetition_4_algorithm_time_seconds,repetition_4_algorithm_dispatch_count,current4_mean_score,current4_std_score,current4_min_score,current4_max_score,current4_mean_wall_time_seconds,current4_mean_simulation_runtime_seconds,current4_mean_algorithm_time_seconds,current4_mean_algorithm_dispatch_count,combined5_mean_score,combined5_std_score,combined5_min_score,combined5_max_score,combined5_mean_wall_time_seconds,combined5_mean_simulation_runtime_seconds,combined5_mean_algorithm_time_seconds,combined5_mean_algorithm_dispatch_count,current4_delta_vs_reference_score,current4_pct_vs_reference,best_current_repetition
1,50,1-8,20260815_064053,1001,183.94,562.143,561.46648,419.286,154,20260819_094955,1001,183.94,872.498,871.631475,670.239,154,20260819_094955,1002,183.94,876.706,875.75152,671.626,154,20260819_094955,1003,183.94,870.689,869.890553,668.168,154,20260819_094955,1004,183.94,869.882,869.000357,667.3,154,183.94,0,183.94,183.94,872.44375,871.56847625,669.33325,154,183.94,0,183.94,183.94,810.3836,809.548077,619.3238,154,0,0,1
2,50,1-8,20260815_064053,2001,14061.04,567.549,566.796407,421.78,156,20260819_094955,2001,14061.04,878.913,878.01745,674.345,156,20260819_094955,2002,14061.04,579.026,578.366124,429.821,156,20260819_094955,2003,14061.04,578.22,577.523541,429.377,156,20260819_094955,2004,14061.04,577.413,576.838533,428.923,156,14061.04,0,14061.04,14061.04,653.393,652.686412,490.6165,156,14061.04,0,14061.04,14061.04,636.2242,635.508411,476.8492,156,0,0,1
3,50,1-8,20260815_064053,3001,7534.03777778,541.921,541.085725,403.746,149,20260819_094955,3001,7534.03777778,550.382,549.665161,409.304,149,20260819_094955,3002,7534.03777778,552.39,551.681509,410.942,149,20260819_094955,3003,7534.03777778,843.247,842.376071,647.425,149,20260819_094955,3004,7534.03777778,848.055,847.239183,650.52,149,7534.03777778,0,7534.03777778,7534.03777778,698.5185,697.740481,529.54775,149,7534.03777778,0,7534.03777778,7534.03777778,667.199,666.4095298,504.3874,149,0,0,1
4,50,1-8,20260815_064053,4001,18078.6933333,555.332,554.514925,416.623,145,20260819_094955,4001,18078.6933333,825.213,824.433705,632.663,145,20260819_094955,4002,18078.6933333,825.217,824.31625,632.707,145,20260819_094955,4003,18078.6933333,825.823,824.846493,633.934,145,20260819_094955,4004,18078.6933333,532.882,532.210857,397.751,145,18078.6933333,0,18078.6933333,18078.6933333,752.28375,751.45182625,574.26375,145,18078.6933333,0,18078.6933333,18078.6933333,712.8934,712.064446,542.7356,145,0,0,1
5,50,1-8,20260815_064053,5001,29421.5644444,586.966,586.198943,442.628,145,20260819_094955,5001,29421.5644444,537.087,536.495134,400.858,145,20260819_094955,5002,29421.5644444,536.493,535.90005,399.738,145,20260819_094955,5003,29421.5644444,535.694,535.093637,399.151,145,20260819_094955,5004,29421.5644444,539.5,538.860111,402.228,145,29421.5644444,0,29421.5644444,29421.5644444,537.1935,536.587233,400.49375,145,29421.5644444,0,29421.5644444,29421.5644444,547.148,546.509575,408.9206,145,0,0,1
6,50,1-8,20260815_064053,6001,154.58,533.11,532.266188,396.214,146,20260819_094955,6001,154.58,828.28,827.335667,636.074,146,20260819_094955,6002,154.58,828.487,827.569829,636.396,146,20260819_094955,6003,154.58,828.289,827.490836,636.101,146,20260819_094955,6004,154.58,828.104,827.199388,636.643,146,154.58,0,154.58,154.58,828.29,827.39893,636.3035,146,154.58,0,154.58,154.58,769.254,768.3723816,588.2856,146,0,0,1
7,50,1-8,20260815_064053,7001,6018.96,571.351,570.536808,428.027,154,20260819_094955,7001,6018.96,885.743,884.792459,681.643,154,20260819_094955,7002,6018.96,878.941,878.09638,677.335,154,20260819_094955,7003,6018.96,878.342,877.484254,677.664,154,20260819_094955,7004,6018.96,879.563,878.818788,678.392,154,6018.96,0,6018.96,6018.96,880.64725,879.79797025,678.7585,154,6018.96,0,6018.96,6018.96,818.788,817.9457378,628.6122,154,0,0,1
8,50,1-8,20260815_064053,8001,120.78,556.532,555.697518,414.737,154,20260819_094955,8001,120.78,874.944,874.048753,670.777,154,20260819_094955,8002,120.78,870.526,869.618727,668.559,154,20260819_094955,8003,120.78,567.82,567.206433,423.277,154,20260819_094955,8004,120.78,574.847,574.249968,428.462,154,120.78,0,120.78,120.78,722.03425,721.28097025,547.76875,154,120.78,0,120.78,120.78,688.9338,688.1642798,521.1624,154,0,0,1
9,100,9-16,20260815_064053,9001,1893450.07778,772.302,771.514695,591.919,205,20260819_094955,9001,1893450.07778,806.659,805.972788,614.453,205,20260819_094955,9002,1893450.07778,807.071,806.528102,615.111,205,20260819_094955,9003,1893450.07778,811.876,811.300019,617.521,205,20260819_094955,9004,1893450.07778,808.48,807.827595,616.894,205,1893450.07778,0,1893450.07778,1893450.07778,808.5215,807.907126,615.99475,205,1893450.07778,0,1893450.07778,1893450.07778,801.2776,800.6286398,611.1796,205,0,0,1
10,100,9-16,20260815_064053,10001,5441250.43111,989.458,988.78535,764.297,261,20260819_094955,10001,5441250.43111,1639.63,1638.751671,1298.331,261,20260819_094955,10002,5441250.43111,1633.802,1632.933414,1293.865,261,20260819_094955,10003,5441250.43111,1642.835,1641.895929,1302.994,261,20260819_094955,10004,5441250.43111,1066.84,1066.128478,818.159,261,5441250.43111,0,5441250.43111,5441250.43111,1495.77675,1494.927373,1178.33725,261,5441250.43111,0,5441250.43111,5441250.43111,1394.513,1393.6989684,1095.5292,261,0,0,1
11,100,9-16,20260817_020323,11001,1792804.01111,1311.161,1310.31519,1033.862,216,20260819_094955,11001,1792804.01111,1312.448,1311.565368,1029.858,216,20260819_094955,11002,1792804.01111,1333.479,1332.671468,1047.132,216,20260819_094955,11003,1792804.01111,1312.244,1311.334022,1031.319,216,20260819_094955,11004,1792804.01111,1321.067,1320.120187,1040.283,216,1792804.01111,0,1792804.01111,1792804.01111,1319.8095,1318.92276125,1037.148,216,1792804.01111,0,1792804.01111,1792804.01111,1318.0798,1317.201247,1036.4908,216,0,0,1
12,100,9-16,20260817_020323,12001,2883993.38667,1339.987,1339.082218,1056.635,218,20260819_094955,12001,2883993.38667,1345.702,1344.744051,1062.143,218,20260819_094955,12002,2883993.38667,1352.912,1352.044199,1065.918,218,20260819_094955,12003,2883993.38667,1337.264,1336.404105,1052.893,218,20260819_094955,12004,2883993.38667,858.459,857.794174,653.93,218,2883993.38667,0,2883993.38667,2883993.38667,1223.58425,1222.74663225,958.721,218,2883993.38667,0,2883993.38667,2883993.38667,1246.8648,1246.0137494,978.3038,218,0,0,1
13,100,9-16,20260817_020323,13001,2427043.41778,1253.903,1252.975071,990.898,205,20260819_094955,13001,2427043.41778,806.367,805.619575,614.916,205,20260819_094955,13002,2427043.41778,811.792,811.102051,618.927,205,20260819_094955,13003,2427043.41778,812.505,811.86165,620.103,205,20260819_094955,13004,2427043.41778,809.554,808.826249,617.267,205,2427043.41778,0,2427043.41778,2427043.41778,810.0545,809.35238125,617.80325,205,2427043.41778,0,2427043.41778,2427043.41778,898.8242,898.0769192,692.4222,205,0,0,1
14,100,9-16,20260817_020323,14001,2063378.90444,1262.518,1261.619857,992.292,211,20260819_094955,14001,2063378.90444,836.984,836.279568,634.656,211,20260819_094955,14002,2063378.90444,822.746,822.204449,621.999,211,20260819_094955,14003,2063378.90444,817.16,816.464701,619.297,211,20260819_094955,14004,2063378.90444,1273.679,1272.833366,999.595,211,2063378.90444,0,2063378.90444,2063378.90444,937.64225,936.945521,718.88675,211,2063378.90444,0,2063378.90444,2063378.90444,1002.6174,1001.8803882,773.5678,211,0,0,1
15,100,9-16,20260817_020323,15001,3120277.95778,1393.243,1392.3714,1098.626,231,20260819_094955,15001,3120277.95778,1386.858,1386.012886,1087.424,231,20260819_094955,15002,3120277.95778,1397.486,1396.499246,1093.838,231,20260819_094955,15003,3120277.95778,1394.253,1393.281822,1094.578,231,20260819_094955,15004,3120277.95778,1397.276,1396.480062,1097.594,231,3120277.95778,0,3120277.95778,3120277.95778,1393.96825,1393.068504,1093.3585,231,3120277.95778,0,3120277.95778,3120277.95778,1393.8232,1392.9290832,1094.412,231,0,0,1
16,100,9-16,20260817_020323,16001,1835311.09778,784.136,783.452473,594.454,205,20260819_094955,16001,1835311.09778,1235.008,1234.177602,968.342,205,20260819_094955,16002,1835311.09778,1233.809,1232.996024,964.26,205,20260819_094955,16003,1835311.09778,796.238,795.59157,605.129,205,20260819_094955,16004,1835311.09778,1227.121,1226.197923,961.896,205,1835311.09778,0,1835311.09778,1835311.09778,1123.044,1122.24077975,874.90675,205,1835311.09778,0,1835311.09778,1835311.09778,1055.2624,1054.4831184,818.8162,205,0,0,1
17,300,17-24,20260817_020323,17001,32425.7555556,817.765,817.133431,666.172,164,20260819_094955,17001,32425.7555556,1336.394,1335.581578,1121.805,164,20260819_094955,17002,32425.7555556,1337.591,1336.657411,1123.202,164,20260819_094955,17003,32425.7555556,828.693,828.042458,675.008,164,20260819_094955,17004,32425.7555556,831.713,831.167305,676.811,164,32425.7555556,0,32425.7555556,32425.7555556,1083.59775,1082.862188,899.2065,164,32425.7555556,0,32425.7555556,32425.7555556,1030.4312,1029.7164366,852.5996,164,0,0,1
18,300,17-24,20260817_020323,18001,21234.3755556,776.717,775.961822,626.544,163,20260819_094955,18001,21234.3755556,795.225,794.641945,641.926,163,20260819_094955,18002,21234.3755556,786.836,786.183938,634.735,163,20260819_094955,18003,21234.3755556,781.966,781.375045,631.185,163,20260819_094955,18004,21234.3755556,1266.187,1265.284403,1055.142,163,21234.3755556,0,21234.3755556,21234.3755556,907.5535,906.87133275,740.747,163,21234.3755556,0,21234.3755556,21234.3755556,881.3862,880.6894306,717.9064,163,0,0,1
19,300,17-24,20260817_020323,19001,155324.325,853.406,852.659495,700.154,167,20260819_094955,19001,155324.325,1410.293,1409.475488,1194.477,167,20260819_094955,19002,155324.325,1415.72,1414.734043,1196.603,167,20260819_094955,19003,155324.325,868.003,867.384716,712.506,167,20260819_094955,19004,155324.325,880.031,879.472782,723.551,167,155324.325,0,155324.325,155324.325,1143.51175,1142.76675725,956.78425,167,155324.325,0,155324.325,155324.325,1085.4906,1084.7453048,905.4582,167,0,0,1
20,300,17-24,20260817_020323,20001,315561.952222,824.177,823.540708,671.652,165,20260819_094955,20001,315561.952222,841.737,841.000314,687.445,165,20260819_094955,20002,315561.952222,840.361,839.796254,685.276,165,20260819_094955,20003,315561.952222,1350.614,1349.788436,1137.348,165,20260819_094955,20004,315561.952222,1349.616,1348.675466,1135.796,165,315561.952222,0,315561.952222,315561.952222,1095.582,1094.8151175,911.46625,165,315561.952222,0,315561.952222,315561.952222,1041.301,1040.5602356,863.5034,165,0,0,1
21,300,17-24,20260817_020323,21001,341058.953333,1404.055,1403.106991,1181.519,172,20260819_094955,21001,341058.953333,1420.065,1419.147858,1195.319,172,20260819_094955,21002,341058.953333,1412.26,1411.400922,1188.934,172,20260819_094955,21003,341058.953333,1412.661,1411.853158,1190.348,172,20260819_094955,21004,341058.953333,1412.062,1411.324554,1190.013,172,341058.953333,0,341058.953333,341058.953333,1414.262,1413.431623,1191.1535,172,341058.953333,0,341058.953333,341058.953333,1412.2206,1411.3666966,1189.2266,172,0,0,1
22,300,17-24,20260817_020323,22001,626872.660556,1434.084,1433.282361,1201.506,178,20260819_094955,22001,626872.660556,1442.484,1441.527824,1212.239,178,20260819_094955,22002,626872.660556,891.95,891.308787,728.072,178,20260819_094955,22003,626872.660556,886.471,885.769401,721.58,178,20260819_094955,22004,626872.660556,897.678,897.128406,732.267,178,626872.660556,0,626872.660556,626872.660556,1029.64575,1028.9336045,848.5395,178,626872.660556,0,626872.660556,626872.660556,1110.5334,1109.8033558,919.1328,178,0,0,1
23,300,17-24,20260817_020323,23001,531793.105,1552.372,1551.514765,1313.087,186,20260819_094955,23001,531793.105,968.753,968.053545,794.289,186,20260819_094955,23002,531793.105,957.911,957.352733,786.998,186,20260819_094955,23003,531793.105,1567.364,1566.484215,1329.649,186,20260819_094955,23004,531793.105,1565.22,1564.32603,1329.084,186,531793.105,0,531793.105,531793.105,1264.812,1264.05413075,1060.005,186,531793.105,0,531793.105,531793.105,1322.324,1321.5462576,1110.6214,186,0,0,1
24,300,17-24,20260817_020323,24001,175884.937778,1358.802,1357.862778,1145.457,165,20260819_094955,24001,175884.937778,834.596,833.987789,683.945,165,20260819_094955,24002,175884.937778,1376.786,1375.957518,1163.541,165,20260819_094955,24003,175884.937778,1371.384,1370.492437,1161.305,165,20260819_094955,24004,175884.937778,1369.784,1368.966147,1159.133,165,175884.937778,0,175884.937778,175884.937778,1238.1375,1237.35097275,1041.981,165,175884.937778,0,175884.937778,175884.937778,1262.2704,1261.4533338,1062.6762,165,0,0,1
25,500,25-32,20260817_020323,25001,28735041.3406,3658.026,3657.068686,3273.891,304,20260819_094955,25001,28962409.5372,3542.962,3542.119142,3183.011,277,20260819_094955,25002,28575920.9261,3565.671,3564.680243,3204.191,282,20260819_094955,25003,28962409.5372,3531.574,3530.639249,3176.781,277,20260819_094955,25004,28575920.9261,3560.955,3560.11599,3200.239,282,28769165.2317,193244.305556,28575920.9261,28962409.5372,3550.2905,3549.388656,3191.0555,279.5,28762340.4534,173381.082287,28575920.9261,28962409.5372,3571.8376,3570.924662,3207.6226,284.4,34123.8911111,0.1187535828,2
26,500,25-32,20260817_020323,26001,27865776.8361,2142.324,2141.630113,1891.501,278,20260819_094955,26001,28538710.1933,3483.823,3482.924891,3107.472,296,20260819_094955,26002,27865776.8361,2156.262,2155.683169,1903.208,278,20260819_094955,26003,27865776.8361,2169.502,2168.906815,1916.716,278,20260819_094955,26004,27865776.8361,2152.567,2151.946195,1900.779,278,28034010.1754,291388.691204,27865776.8361,28538710.1933,2490.5385,2489.8652675,2207.04375,282.5,28000363.5076,269173.342889,27865776.8361,28538710.1933,2420.8956,2420.2182366,2143.9352,281.6,168233.339306,0.603727433457,2
27,500,25-32,20260817_020323,27001,24583723.48,2084.234,2083.592307,1836.144,271,20260819_094955,27001,24583723.48,2095.663,2094.906217,1847.344,271,20260819_094955,27002,24583723.48,2082.323,2081.710403,1840.697,271,20260819_094955,27003,24736487.9411,3417.917,3417.088667,3088.911,257,20260819_094955,27004,24764217.1439,3444.557,3443.658969,3107.258,260,24667038.0113,83889.3598929,24583723.48,24764217.1439,2760.115,2759.341064,2471.0525,264.75,24650375.105,82100.8498213,24583723.48,24764217.1439,2624.9388,2624.1913126,2344.0708,266,83314.53125,0.338901189308,1
28,500,25-32,20260817_020323,28001,21538275.4322,1962.258,1961.643372,1733.629,254,20260819_094955,28001,21591341.3483,3247.475,3246.5364,2918.312,258,20260819_094955,28002,21795306.925,3288.522,3287.705383,2950.337,266,20260819_094955,28003,21976137.4106,3302.752,3301.95384,2960.233,268,20260819_094955,28004,21635418.7439,2001.083,2000.511684,1769.105,255,21749551.1069,151237.78619,21591341.3483,21976137.4106,2959.958,2959.17682675,2649.49675,261.75,21707295.972,159500.094339,21538275.4322,21976137.4106,2760.418,2759.6701358,2466.3232,260.2,211275.674722,0.980931251377,1
29,500,25-32,20260817_020323,29001,28149073.1528,2209.786,2209.110661,1967.509,270,20260819_094955,29001,28149073.1528,2287.904,2287.350325,2038.28,270,20260819_094955,29002,28149073.1528,2277.79,2277.101576,2025.702,270,20260819_094955,29003,28149073.1528,2265.892,2265.161474,2017.165,270,20260819_094955,29004,28149073.1528,2269.107,2268.31513,2022.303,270,28149073.1528,0,28149073.1528,28149073.1528,2275.17325,2274.48212625,2025.8625,270,28149073.1528,0,28149073.1528,28149073.1528,2262.0958,2261.4078332,2014.1918,270,0,0,1
30,500,25-32,20260817_020323,30001,24306416.9906,1973.893,1973.221737,1742.15,258,20260819_094955,30001,24596797.2528,3281.608,3280.722567,2939.92,264,20260819_094955,30002,24596797.2528,3267.643,3266.743697,2931.875,264,20260819_094955,30003,24775297.9583,3261.529,3260.607651,2926.853,262,20260819_094955,30004,24715349.2733,3281.779,3280.863235,2943.549,265,24671060.4343,77228.5616516,24596797.2528,24775297.9583,3273.13975,3272.2342875,2935.54925,263.75,24598131.7456,161387.035288,24306416.9906,24775297.9583,3013.2904,3012.4317774,2696.8694,262.6,364643.44375,1.5001941417,1
31,500,25-32,20260817_020323,31001,30126671.11,3722.539,3721.581566,3377.101,275,20260819_094955,31001,31022888.5517,3817.431,3816.602524,3444.593,295,20260819_094955,31002,30454908.8117,2341.023,2340.371367,2088.154,276,20260819_094955,31003,30529493.47,3799.408,3798.567513,3434.386,288,20260819_094955,31004,30670617.0572,3699.238,3698.379318,3357.196,270,30669476.9726,218252.102337,30454908.8117,31022888.5517,3414.275,3413.4801805,3081.08225,282.25,30560915.8001,291974.822308,30126671.11,31022888.5517,3475.9278,3475.1004576,3140.286,280.8,542805.862639,1.80174523981,2
32,500,25-32,20260817_020323,32001,30490917.6089,3630.417,3629.614607,3283.08,278,20260819_094955,32001,29692418.3117,3583.209,3582.290276,3242.83,269,20260819_094955,32002,29692418.3117,3590.019,3589.101763,3244.061,269,20260819_094955,32003,30054656.45,2322.235,2321.524244,2053.801,292,20260819_094955,32004,30054656.45,2317.423,2316.861253,2052.665,292,29873537.3808,181119.069167,29692418.3117,30054656.45,2953.2215,2952.444384,2648.33925,280.5,29997013.4264,295344.932463,29692418.3117,30490917.6089,3088.6606,3087.8784286,2775.2874,280,-617380.228056,-2.02480042082,1
33,1000,33-40,20260817_020323,33001,32296893.0316,4571.56,4570.67267,4258.496,242,20260819_094955,33001,31128653.8389,4611.362,4610.470152,4291.785,250,20260819_094955,33002,30006749.0991,3372.937,3372.208819,3151.992,243,20260819_094955,33003,30746460.5724,3395.979,3395.327196,3168.005,255,20260819_094955,33004,30223661.6642,3312.792,3312.148815,3101.608,236,30526381.2937,439552.016076,30006749.0991,31128653.8389,3673.2675,3672.5387455,3428.3475,246,30880483.6412,810011.524677,30006749.0991,32296893.0316,3852.926,3852.1655304,3594.3772,245.2,-1770511.73789,-5.48198780656,2
34,1000,33-40,20260817_020323,34001,33557722.8542,4668.74,4667.734381,4352.283,243,20260819_094955,34001,33768124.5847,4690.569,4689.733275,4365.37,250,20260819_094955,34002,33845004.8398,4745.872,4745.033756,4408.969,261,20260819_094955,34003,32360333.3356,4630.16,4629.308704,4320.934,240,20260819_094955,34004,33051581.0502,4662.785,4661.980615,4350.158,244,33256260.9526,602744.535426,32360333.3356,33845004.8398,4682.3465,4681.5140875,4361.35775,248.75,33316553.3329,552432.316663,32360333.3356,33845004.8398,4679.6252,4678.7581462,4359.5428,247.6,-301461.901667,-0.898338373483,3
35,1000,33-40,20260817_020323,35001,36615418.3349,4609.426,4608.647283,4294.59,244,20260819_094955,35001,38605149.2402,3519.234,3518.637459,3275.545,270,20260819_094955,35002,37624939.9131,3429.037,3428.352044,3209.747,245,20260819_094955,35003,36427756.7336,4590.916,4589.98922,4278.095,244,20260819_094955,35004,37633316.2527,3415.799,3415.074791,3197.601,243,37572790.5349,771888.888188,36427756.7336,38605149.2402,3738.7465,3738.0133785,3490.247,250.5,37381316.0949,789493.387724,36427756.7336,38605149.2402,3912.8824,3912.1401594,3651.1156,249.2,957372.2,2.61466956691,3
36,1000,33-40,20260817_020323,36001,38018016.7687,4836.413,4835.500214,4506.038,256,20260819_094955,36001,38960093.5327,4937.167,4936.227108,4587.189,272,20260819_094955,36002,38252156.1896,4846.566,4845.65747,4515.485,255,20260819_094955,36003,37543791.6984,4879.103,4878.140974,4542.476,262,20260819_094955,36004,38252156.1896,4839.698,4838.760179,4513.073,255,38252049.4026,500738.326979,37543791.6984,38960093.5327,4875.6335,4874.69643275,4539.55575,261,38205242.8758,457552.73082,37543791.6984,38960093.5327,4867.7894,4866.857189,4532.8522,260,234032.633889,0.615583488515,3
37,1000,33-40,20260817_020323,37001,36727089.5764,4645.952,4645.093143,4328.179,245,20260819_094955,37001,35901746.5638,3511.581,3511.005178,3284.213,258,20260819_094955,37002,37749731.2089,4685.772,4684.832035,4360.047,254,20260819_094955,37003,37007617.8602,3489.272,3488.602465,3268.687,248,20260819_094955,37004,35836294.498,3516.711,3515.903112,3287.052,254,36623847.5327,799462.836594,35836294.498,37749731.2089,3800.834,3800.0856975,3549.99975,253.5,36644495.9415,716252.810682,35836294.498,37749731.2089,3969.8576,3969.0871866,3705.6356,251.8,-103242.043722,-0.281105976305,4
38,1000,33-40,20260817_020323,38001,36897225.7878,4687.626,4686.674325,4357.68,251,20260819_094955,38001,35865754.5389,3470.471,3469.87197,3236.939,256,20260819_094955,38002,37853987.1389,4668.932,4667.959905,4345.398,250,20260819_094955,38003,37142026.642,4656.135,4655.303124,4333.923,247,20260819_094955,38004,35664233.4427,3435.999,3435.46423,3212.954,248,36631500.4406,905135.757924,35664233.4427,37853987.1389,4057.88425,4057.14980725,3782.3035,250.25,36684645.51,816525.67984,35664233.4427,37853987.1389,4183.8326,4183.0547108,3897.3788,250.4,-265725.347167,-0.720177036331,4
39,1000,33-40,20260817_020323,39001,36524898.9073,4817.281,4816.370067,4474.765,266,20260819_094955,39001,35689137.1682,4823.078,4822.175333,4476.934,270,20260819_094955,39002,35542627.6427,4729.07,4728.196187,4408.127,250,20260819_094955,39003,37492182.4747,3495.725,3495.031384,3265.711,259,20260819_094955,39004,37849053.8833,4730.686,4729.736622,4405.84,253,36643250.2922,1036381.9543,35542627.6427,37849053.8833,4444.63975,4443.7848815,4139.153,258,36619580.0152,928176.261394,35542627.6427,37849053.8833,4519.168,4518.3019186,4206.2754,259.6,118351.384889,0.324029329114,2
40,1000,33-40,20260817_020323,40001,32109600.1038,3453.657,3453.038971,3235.384,238,20260819_094955,40001,32019919.1442,4670.06,4669.089588,4351.212,244,20260819_094955,40002,31442238.0787,4692.064,4691.190718,4369.572,249,20260819_094955,40003,33145101.8976,4728.884,4728.031803,4398.819,255,20260819_094955,40004,32551800.012,4738.107,4737.184204,4405.36,258,32289764.7831,630749.994867,31442238.0787,33145101.8976,4707.27875,4706.37407825,4381.24075,251.5,32253731.8472,568744.173323,31442238.0787,33145101.8976,4456.5544,4455.7070568,4152.0694,248.8,180164.679333,0.56109287799,2
41,2000,41-48,20260817_020323,41001,433490970.227,5982.057,5981.202258,5459.934,515,20260819_094955,41001,421698035.529,5971.171,5970.322236,5454.364,514,20260819_094955,41002,425921393.143,6091.532,6090.705649,5546.468,542,20260819_094955,41003,430128560.343,5944.713,5943.952934,5432.879,497,20260819_094955,41004,435246264.304,7520.337,7518.971911,6755.968,522,428248563.33,5020640.97596,421698035.529,435246264.304,6381.93825,6380.9881825,5797.41975,518.75,429297044.709,4956079.24262,421698035.529,435246264.304,6301.962,6301.0309976,5729.9226,518,-5242406.89683,-1.20934627406,1
42,2000,41-48,20260817_020323,42001,421350515.702,6138.819,6137.847121,5587.877,539,20260819_094955,42001,417045171.421,6062.033,6061.128721,5536.498,525,20260819_094955,42002,423510906.461,6030.878,6030.134158,5516.916,515,20260819_094955,42003,423211818.14,7484.644,7483.471583,6742.409,507,20260819_094955,42004,423713694.966,7400.039,7398.846575,6674.976,488,421870397.747,2791560.10342,417045171.421,423713694.966,6744.3985,6743.39525925,6117.69975,508.75,421766421.338,2505492.09207,417045171.421,423713694.966,6623.2826,6622.2856316,6011.7352,514.8,519882.045389,0.123384694219,1
43,2000,41-48,20260817_020323,43001,416223009.174,5924.636,5923.750997,5409.105,501,20260819_094955,43001,417285983.199,7652.495,7651.274443,6852.215,542,20260819_094955,43002,422614860.51,7697.95,7696.688893,6888.796,550,20260819_094955,43003,432970296.514,7566.63,7565.3737,6786.744,523,20260819_094955,43004,413560990.98,7523.008,7521.781271,6749.793,513,421608032.8,7306670.47201,413560990.98,432970296.514,7610.02075,7608.77957675,6819.387,532,420531028.075,6881112.07742,413560990.98,432970296.514,7272.9438,7271.7738608,6537.3306,525.8,5385023.62622,1.29378326222,4
44,2000,41-48,20260817_020323,44001,413295976.068,5953.445,5952.422177,5429.639,512,20260819_094955,44001,407932925.908,7354.049,7352.890243,6616.455,499,20260819_094955,44002,412418354.236,7354.437,7353.217102,6618.301,498,20260819_094955,44003,412418354.236,7356.591,7355.322629,6619.446,498,20260819_094955,44004,410346823.154,5990.494,5989.765598,5457.215,519,410779114.383,1848098.9646,407932925.908,412418354.236,7013.89275,7012.798893,6327.85425,503.5,411282486.72,1935435.52321,407932925.908,413295976.068,6801.8032,6800.7235498,6148.2112,505.2,-2516861.68439,-0.608973188739,1
45,2000,41-48,20260817_020323,45001,426822351.401,7498.955,7497.792319,6729.791,521,20260819_094955,45001,417886694.947,6079.554,6078.696923,5522.389,526,20260819_094955,45002,423547088.734,6059.109,6058.356082,5514.788,523,20260819_094955,45003,413738971.584,5909.523,5908.712826,5403.301,500,20260819_094955,45004,415065766.786,5992.99,5992.099235,5466.936,525,417559630.513,3767406.86767,413738971.584,423547088.734,6010.294,6009.4662665,5476.8535,518.5,419412174.69,5008229.55996,413738971.584,426822351.401,6308.0262,6307.131477,5727.441,519,-9262720.88806,-2.17015834753,3
46,2000,41-48,20260817_020323,46001,430056382.95,7540.68,7539.468398,6758.907,531,20260819_094955,46001,433351052.263,7446.428,7445.315207,6689.442,513,20260819_094955,46002,433857077.753,7529.977,7528.738253,6743.869,524,20260819_094955,46003,423824574.035,7442.555,7441.404506,6681.526,512,20260819_094955,46004,434911880.84,7598.258,7596.973629,6800.817,537,431486146.223,4459106.88702,423824574.035,434911880.84,7504.3045,7503.10789875,6728.9135,521.5,431200193.568,4029141.72825,423824574.035,434911880.84,7511.5796,7510.3799986,6734.9122,523.4,1429763.27256,0.332459493508,3
47,2000,41-48,20260817_020323,47001,417221501.942,7503.275,7502.135704,6756.874,513,20260819_094955,47001,420670495.379,7446.066,7444.864163,6709.082,499,20260819_094955,47002,423895587.895,7647.735,7646.547037,6863.923,537,20260819_094955,47003,425360634.342,7678.287,7676.948191,6889.694,540,20260819_094955,47004,425360634.342,7671.119,7669.919975,6885.571,540,423821837.989,1915214.59121,420670495.379,425360634.342,7610.80175,7609.5698415,6837.0675,529,422501770.78,3147180.84872,417221501.942,425360634.342,7589.2964,7588.083014,6821.0288,525.8,6600336.04744,1.58197408732,1
48,2000,41-48,20260817_020323,48001,417621426.214,7441.41,7440.252806,6687.974,516,20260819_094955,48001,415627717.075,7560.836,7559.738224,6782.45,536,20260819_094955,48002,418385302.294,7325.321,7324.006028,6598.055,488,20260819_094955,48003,426287847.934,6050.997,6050.12198,5507.881,542,20260819_094955,48004,420442811.992,5966.283,5965.488529,5441.618,512,420185919.824,3915321.06084,415627717.075,426287847.934,6725.85925,6724.83869025,6082.501,519.5,419673021.102,3649116.5511,415627717.075,426287847.934,6868.9694,6867.9215134,6203.5956,518.8,2564493.60978,0.614071369141,1
49,3000,49-56,20260817_020323,49001,914805186.449,10165.096,10163.433135,9015.614,641,20260819_094955,49001,923425214.48,7636.971,7635.9053,6882.165,652,20260819_094955,49002,927686785.559,7622.282,7621.217197,6869.733,653,20260819_094955,49003,925840310.218,7564.863,7563.711361,6828.955,639,20260819_094955,49004,925819481.75,10184.662,10182.857865,9039.865,656,925692948.002,1512921.83698,923425214.48,927686785.559,8252.1945,8250.92293075,7405.1795,650,923515395.691,4560491.44798,914805186.449,927686785.559,8634.7748,8633.4249716,7727.2664,648.2,10887761.5523,1.19017269618,1
50,3000,49-56,20260817_020323,50001,912831991.427,10362.945,10361.187875,9157.08,681,20260819_094955,50001,886384304.461,10051.78,10050.042626,8930.693,643,20260819_094955,50002,886384304.461,10076.233,10074.477502,8943.068,643,20260819_094955,50003,889433709.367,7591.897,7590.707692,6837.556,658,20260819_094955,50004,886384304.461,10064.274,10062.626535,8940.642,643,887146655.687,1320431.05751,886384304.461,889433709.367,9446.046,9444.46358875,8412.98975,646.75,892283722.835,10341792.2079,886384304.461,912831991.427,9629.4258,9627.808446,8561.8078,653.6,-25685335.7396,-2.81380757695,1
51,3000,49-56,20260817_020323,51001,903393988.488,9923.261,9921.473283,8835.281,621,20260819_094955,51001,903393988.488,9875.123,9873.526912,8801.082,621,20260819_094955,51002,891793760.737,7361.004,7359.892275,6666.341,596,20260819_094955,51003,896185329.867,9811.726,9809.972207,8751.77,611,20260819_094955,51004,903393988.488,9900.91,9899.173617,8820.706,621,898691766.895,4951931.22308,891793760.737,903393988.488,9237.19075,9235.64125275,8259.97475,612.25,899632211.214,4811968.44712,891793760.737,903393988.488,9374.4048,9372.8076588,8375.036,614,-4702221.593,-0.520506185886,2
52,3000,49-56,20260817_020323,52001,920237888.153,10195.336,10193.460609,9017.365,663,20260819_094955,52001,920237888.153,10128.668,10126.489272,8978.482,663,20260819_094955,52002,920237888.153,10139.163,10137.525909,8988.685,663,20260819_094955,52003,919223907.379,9932.207,9930.591218,8830.582,624,20260819_094955,52004,923236984.985,7632.129,7631.008063,6845.958,682,920734167.167,1503127.3547,919223907.379,923236984.985,9458.04175,9456.4036155,8410.92675,658,920634911.365,1359014.4713,919223907.379,923236984.985,9605.5006,9603.8150142,8532.2144,659,496279.014417,0.0539294263805,3
53,3000,49-56,20260817_020323,53001,967422339.959,10248.698,10246.969274,9067.858,664,20260819_094955,53001,954947336.537,7664.925,7663.839416,6891.388,670,20260819_094955,53002,954947336.537,7655.808,7654.791988,6887.673,670,20260819_094955,53003,962362843.913,7582.258,7581.008626,6831.091,651,20260819_094955,53004,967422339.959,10195.975,10194.302587,9038.489,664,959919964.236,5284585.01372,954947336.537,967422339.959,8274.7415,8273.48565425,7412.16025,663.75,961420439.381,5598854.67315,954947336.537,967422339.959,8669.5328,8668.1823782,7743.2998,663.8,-7502375.72261,-0.775501599739,1
54,3000,49-56,20260817_020323,54001,908635973.194,7783.524,7782.474357,7000.035,675,20260819_094955,54001,912212932.888,7514.175,7512.994151,6774.424,644,20260819_094955,54002,896805148.791,10095.641,10094.007496,8954.952,675,20260819_094955,54003,898791522.526,9843.702,9842.104302,8758.219,622,20260819_094955,54004,912212932.888,7500.277,7499.154837,6767.914,644,905005634.273,7241433.79426,896805148.791,912212932.888,8738.44875,8737.0651965,7813.87725,646.25,905731702.058,6637724.6422,896805148.791,912212932.888,8547.4638,8546.1470286,7651.1088,652,-3630338.92047,-0.399537221459,2
55,3000,49-56,20260817_020323,55001,878133225.725,10051.746,10050.115868,8926.663,640,20260819_094955,55001,879495994.806,10058.901,10057.33339,8943.769,650,20260819_094955,55002,879495994.806,10028.917,10027.333935,8915.704,650,20260819_094955,55003,878034799.379,9917.318,9915.56081,8833.529,624,20260819_094955,55004,874290937.511,7619.881,7618.808982,6866.877,666,877829431.625,2128261.1551,874290937.511,879495994.806,9406.25425,9404.75927925,8389.96975,647.5,877890190.445,1907449.33675,874290937.511,879495994.806,9535.3526,9533.830597,8497.3084,646,-303794.09975,-0.0345954452981,4
56,3000,49-56,20260817_020323,56001,949680229.305,8257.51,8256.119682,7346.523,650,20260819_094955,56001,947684035.069,10083.081,10081.448594,8949.237,649,20260819_094955,56002,946532064.241,7692.95,7691.725362,6912.006,694,20260819_094955,56003,947684035.069,10059.704,10058.083507,8937.715,649,20260819_094955,56004,947684035.069,10058.311,10056.529878,8936.806,649,947396042.362,498818.000589,946532064.241,947684035.069,9473.5115,9471.94683525,8433.941,660.25,947852879.751,1016787.64585,946532064.241,949680229.305,9230.3112,9228.7814046,8216.4574,658.2,-2284186.94314,-0.240521690634,2
57,4000,57-64,20260817_020323,57001,1837950743.97,10924.728,10922.505037,9445.663,854,20260819_094955,57001,1823972928.3,13649.005,13646.72223,11848.507,856,20260819_094955,57002,1817852762.67,9587.175,9585.66396,8455.83,833,20260819_094955,57003,1805313212.89,9657.676,9656.113622,8502.762,847,20260819_094955,57004,1803646245.31,9573.724,9572.217076,8445.241,834,1812696287.29,8517113.92389,1803646245.31,1823972928.3,10616.895,10615.179222,9313.085,842.5,1817747178.63,12652232.8769,1803646245.31,1837950743.97,10678.4616,10676.644385,9339.6006,844.8,-25254456.6732,-1.37405514028,4
58,4000,57-64,20260817_020323,58001,1819847576.09,10877.89,10875.895733,9377.06,842,20260819_094955,58001,1823775156.38,13735.018,13732.520223,11865.33,896,20260819_094955,58002,1823138600.01,9885.188,9883.656664,8639.903,951,20260819_094955,58003,1802896691.07,9741.001,9739.316643,8535.91,915,20260819_094955,58004,1816682579.27,13555.764,13553.256404,11718.002,853,1816623256.68,8396747.74436,1802896691.07,1823775156.38,11729.24275,11727.1874835,10189.78625,903.75,1817268120.57,7620216.25962,1802896691.07,1823775156.38,11558.9722,11556.9291334,10027.241,891.4,-3224319.40244,-0.177175245049,3
59,4000,57-64,20260817_020323,59001,1864749619.19,11239.647,11237.38284,9696.205,876,20260819_094955,59001,1847755666.78,13895.747,13893.204488,12041.443,875,20260819_094955,59002,1864655764.19,14045.336,14042.826765,12157.186,896,20260819_094955,59003,1844558340.89,14114.715,14112.243415,12202.843,919,20260819_094955,59004,1847755666.78,13904.052,13901.5534,12046.022,875,1851181359.66,7888198.44025,1844558340.89,1864655764.19,13989.9625,13987.457017,12111.8735,891.25,1853895011.57,8901380.027,1844558340.89,1864749619.19,13439.8994,13437.4421816,11628.7398,888.2,-13568259.5326,-0.727618302903,3
60,4000,57-64,20260817_020323,60001,1832084289.41,12113.53,12111.83631,10592.053,875,20260819_094955,60001,1858159733.71,13823.595,13821.084156,11947.781,837,20260819_094955,60002,1858159733.71,13793.07,13790.593989,11931.63,837,20260819_094955,60003,1858159733.71,13788.915,13786.455596,11931.562,837,20260819_094955,60004,1825001614.24,9726.908,9725.227107,8535.551,841,1849870203.85,14357886.9017,1825001614.24,1858159733.71,12783.122,12780.840212,11086.631,838,1846313020.96,14681053.5514,1825001614.24,1858159733.71,12649.2036,12647.0394316,10987.7154,845.4,17785914.433,0.970802191569,4
61,4000,57-64,20260817_020323,61001,1805021963.99,11322.61,11320.856007,9938.519,866,20260819_094955,61001,1800871059.68,9833.158,9831.475263,8604.83,924,20260819_094955,61002,1794071798.73,13651.856,13649.649873,11819.636,895,20260819_094955,61003,1801189446.64,9784.441,9782.896805,8580.729,919,20260819_094955,61004,1788378904.79,9650.314,9648.728758,8481.858,881,1796127802.46,5300738.09182,1788378904.79,1801189446.64,10729.94225,10728.1876747,9371.76325,904.75,1797906634.77,5927498.37131,1788378904.79,1805021963.99,10848.4758,10846.7213412,9485.1144,897,-8894161.52858,-0.492745335294,4
62,4000,57-64,20260817_020323,62001,1823554619.69,11631.876,11630.096133,10192.297,907,20260819_094955,62001,1829894525.77,9694.001,9692.344334,8535.906,850,20260819_094955,62002,1816509308.51,13792.255,13789.866322,11936.864,876,20260819_094955,62003,1816509308.51,13802.791,13800.317555,11937.761,876,20260819_094955,62004,1819355027.57,13869.615,13867.178006,11995.002,898,1820567042.59,5509113.69121,1816509308.51,1829894525.77,12789.6655,12787.4265542,11101.38325,875,1821164558.01,5070341.76782,1816509308.51,1829894525.77,12558.1076,12555.96047,10919.566,881.4,-2987577.10397,-0.16383260867,2
63,4000,57-64,20260817_020323,63001,1913057487.47,11401.472,11399.74127,10011.01,929,20260819_094955,63001,1892343597.4,12894.479,12892.66065,11251.188,885,20260819_094955,63002,1898433305.75,13670.571,13668.151021,11853.079,854,20260819_094955,63003,1888703780.57,10636.049,10634.210841,9409.634,849,20260819_094955,63004,1884039821.33,9797.109,9795.472663,8597.925,864,1890880126.26,5261143.42066,1884039821.33,1898433305.75,11749.552,11747.6237938,10277.9565,863,1895315598.5,10041780.7227,1884039821.33,1913057487.47,11679.936,11678.047289,10224.5672,876.2,-22177361.2059,-1.15926266467,4
64,4000,57-64,20260817_020323,64001,1914127162.53,10948.57,10947.121949,9644.574,922,20260819_094955,64001,1925911389.31,9822.874,9821.081791,8633.704,852,20260819_094955,64002,1945675753.82,13155.354,13153.548146,11447.718,886,20260819_094955,64003,1945675753.82,13388.448,13385.108717,11632.451,886,20260819_094955,64004,1945675753.82,13207.347,13205.571522,11497.004,886,1940734662.69,8558220.87674,1925911389.31,1945675753.82,12393.50575,12391.327544,10802.71925,877.5,1935413162.66,13109842.3333,1914127162.53,1945675753.82,12104.5186,12102.486425,10571.0902,886.4,26607500.1579,1.39005917051,1
